image,likes
120580690_250489516390169_2561400073515592218_n,2213
120535960_341134027205032_7968625246834194153_n,3984
120824973_2420856508218898_444084223366021855_n,6181
120720334_2739648966354845_1908999925168622516_n,131
120600411_736173693634242_941211022322957009_n,2892
120370267_618693095477616_1886819160464129967_n,217
120577479_376776333497635_2434092329650159085_n,104
120672355_122420752721848_6780907261604644661_n,127
120816902_206084887534766_4561526283234712444_n,268
120815884_357162078812477_2542619202028132844_n,171
120795078_944039186120612_7473801606880547767_n,304
120370267_380419556465173_1942035357442019900_n,7187
120666253_117677829932505_5279186438989992238_n,5532
120597565_948265398916044_347695495031620216_n,2568
119871231_331501131418019_330116514669283192_n,8718
120843098_185336516383516_4811674690027398964_n,1239
120997640_4537885522952282_3373034516524888512_n,199
120726262_1487317331467890_5703327278023072379_n,2296
120481870_981108929075134_2187812542233364142_n,203
120664001_632416387358405_6360570876686315737_n,300
120602072_665818007374830_6405475930917649984_n,139
120005154_965509977259147_9121495083622695881_n,258
120102064_1534142100100894_1109565100059292313_n,295
119775238_364536821244891_7716703176235152687_n,6928
120579332_184415996541198_6756248483569256806_n,302
120125245_326132615312748_4535214075186792045_n,7610
118958780_314580093141211_8843729470048310549_n,3000
120368845_346907276363133_8228615795631154926_n,531
120722104_3403333479760399_2890438804035763949_n,114
120332411_250233659744605_3305280180634649356_n,349
120666883_1034042957050608_9123540921632160893_n,455
120852753_193151622328172_7802817374118006231_n,164
120544567_112368957297682_7634696933085563685_n,107
120373595_122688089354670_6014246309863259847_n,115
120808875_335515601009764_5133833757016912256_n,8448
120750734_211608656967672_3179644272823715971_n,505
120750987_2393770094262602_3303088737633956033_n,2245
120601847_150963406704911_3591403501204480988_n,2619
120665238_2520069091624029_3661309135042829565_n,311
120583588_130782005076854_4421326300007418995_n,155
120816116_335327744402994_8066725249318907512_n,19100
120655687_197500048425635_8864086551247619516_n,1244
120598124_107804021025951_1609874158242529676_n,187
120570177_256144949052845_5940688554849036545_n,14667
120828324_697653281182829_6542923295566722119_n,104
120823349_950091702139386_4244636030243660260_n,284
120649469_363399538118025_3467551923206393531_n,117
120605821_102607878253049_3023321537762607987_n,1081
120260938_1226375471074326_7035279709298599682_n,1039
120601611_636682230546283_4745148057994386878_n,179
120721587_102587281586950_1007457259662195077_n,111
120747579_343594700239834_6963830316118904897_n,199
120595441_757331488147466_9103069167839703400_n,175
120584527_487193058913931_8713945934741807831_n,176
120792070_1699397530235338_1369956024664325442_n,4
120542382_2808287102727304_5645864745847869963_n,6
120823254_357333345457988_3332795582587100657_n,0
120479756_201607224669881_4926505484745879035_n,4859
120240778_383075192711106_8873395623544595329_n,4199
120303787_400334411365922_3529376300797879671_n,2972
120600628_3333162050064951_3775360453695027992_n,1406
120453236_126841668866883_300930689647789441_n,2284
120664005_729284227657009_8270444406516758648_n,2200
119951868_1795534307262340_1870218214058718065_n,9108
120563067_345259210020890_3182075497433527897_n,765
120596073_654516688799716_925190111624278866_n,2364
120569134_358806458502074_892652507314008608_n,4399
120540746_123027445987535_6222252636768561366_n,1680
120660916_775295453204347_809824546125887282_n,382
120601558_335074684391965_3265745826294205346_n,1699
119236568_752711855461260_1128221449418015115_n,165
118972345_118532593127553_4841209716025990085_n,162
117732157_131377645326529_354378865182501145_n,274
117214072_180002426866231_4794081596545984948_n,119
96748214_319208402397672_6670354592287568191_n,478
118079722_309578267017218_7615302111431119388_n,300
118382544_164526191941959_7604529386050294880_n,142
120656719_347352939678960_2240727041105479749_n,402
120663151_761478611368610_5082027773001784124_n,147
120602267_187851566283770_5368472882380211611_n,184
120643686_335628800835992_4801677070032372877_n,152
120635076_773200240136675_8512720109290821767_n,156
120614874_358329802021248_2062426059876846527_n,283
120596694_178672533761901_1482125915186005164_n,683
118413370_643870623175391_5095895288356546634_n,146
120189279_3423243414380642_6909537671408081115_n,2250
120745000_191752109029204_5487776105332908931_n,166
120596073_219301042902453_6834924204041473120_n,476
120798601_280706612906269_7981113298872270419_n,241
120844235_177377210613100_7380505391443322797_n,137
120591571_368793717579501_1050996982299588085_n,165
120601720_688307021804225_2448012953593096276_n,102
120888394_672207933418630_5042562158562912392_n,326
120749338_2704607839856924_6437589835282825899_n,1
120745516_3679272398751499_2752854691481962119_n,0
120852542_768726193969158_1284591989155075258_n,3200
120481550_183782209933670_7761613526457570130_n,8511
120431311_124742522438227_9072890327176001974_n,12898
120396335_326275461808082_4975632890834366520_n,51834
120477039_253701445992062_270214050359603376_n,3660
118401394_654271775216359_5854327586321686473_n,2227
120542203_323247792310799_8480204191904701346_n,242
120509463_481999972756524_3847327253394843838_n,170
120764569_389495382056099_4067906151382236763_n,216
120580998_377698453606853_2111047724302589651_n,1246
120570177_701193277148248_203077125118769199_n,719
120578331_326248552006859_4830604455215207134_n,205
120765359_352584139510530_2987237606124790772_n,173
120601260_193958818837230_4663866362995654603_n,107
120565505_1501196053424910_8218604735761063080_n,509
120661459_382970526059368_2704282858335602470_n,4
120792411_644846649567854_1479718071894433330_n,1
120882417_138132578018805_4426170094931976349_n,5
120288940_380600773366718_5511396684966280838_n,3436
120469390_186017172980611_38049336958008522_n,1081
120650853_795318997947652_8535928119468768186_n,16188
120602674_640630970158776_2246350241569976001_n,2976
120484112_337126520835852_4830622160566438031_n,4736
120373662_199289344909455_6168367563942333964_n,1205
120791716_711616199430935_1843165926256926782_n,580
120142314_177091383908919_7890243360444809968_n,1066
120637595_670782740222312_8122376084806675485_n,175
120749213_2805976236394933_3670938492280781457_n,159
120899319_1210697945996549_1443115934196495668_n,148
120656718_158173529306918_7732366982561560524_n,120
120516663_709911686264455_6466768535086100487_n,132
120654486_254928635958738_4742732580829735228_n,1055
120654000_892934064571227_8814507319842536714_n,195
120548242_365113914850723_3668480889965328904_n,121
120819111_220288632772072_3351798054694801357_n,136
120598906_1113947302364873_6627611926005596636_n,8
120629308_377514133420927_8097203971169422171_n,5
120809389_757132698166532_5065000039372141978_n,4
120745514_818086925628625_8323172890024431975_n,217
120792412_3371258482962858_7631773686666619005_n,137
120549561_387030515800183_5775783767907081815_n,208
120578923_665453341036666_9112672736902860276_n,335
120555645_735047927044460_2128360137505287953_n,330
120892148_966070423805281_4859632820992180816_n,4782
120745516_1013619029154274_895059409060246515_n,7919
120600216_739714223275072_7492745107231457630_n,11035
120601259_199833721577093_1372460732651018534_n,445
121000983_1058745491250953_571418784087150218_n,167
120602996_330684668199481_2656952007282903256_n,389
120748562_1011372469307780_8787213284891387667_n,127
120852312_2117054741761857_2672582235275802047_n,177
120451959_376972316647076_6463023796629622081_n,2834
120605532_759514321261625_2423047974916640860_n,7972
120741674_1810018265839475_1119714160264585005_n,2405
120369556_760768691433927_998505522252724242_n,6335
120799653_332934607797673_8521503804593999979_n,157
120623109_249957616446843_3916982801459225707_n,112
120598680_338470497246994_8716489755192954099_n,4534
120812969_255743152452969_5136327674915761992_n,118
120581477_806403230174325_1274648260549245673_n,119
120478993_364640341577205_174421422832743266_n,234
120601278_3874825865878827_8457907335043887669_n,115
120540663_2640797516249658_1304664318989194726_n,182
120580463_290627715530815_7787532722583596_n,386
120818858_631936660828132_4836704884375115258_n,12
120597543_292821851959942_4275682150484541906_n,7
120601191_1707345772774899_8719899421279863341_n,1259
120658902_820588892086661_1911116080541915999_n,262
120768243_1309398702774681_2459617055943325219_n,3354
120800435_3499549986735049_8795970416394615953_n,1136
120373185_418255469144187_6602207433832225679_n,1444
120673385_253742589352184_8171981573447339270_n,300
120522275_118681619822130_1234930422833821362_n,1126
120654317_176179883994828_5858477621823357315_n,4235
120736495_350195379665032_5221164739707759831_n,115
120456472_648239225895743_2422851927733052165_n,1502
120508651_343428003648893_3818904372133061600_n,876
120457647_3311957618923479_1421752565793208547_n,1645
120370267_3469310383126103_2580378755784497263_n,140
104296626_2553246474987514_5049365902762676527_n,128
120152432_151982633248355_3465712371937305082_n,153
67435190_665283780607114_5127705111614228381_n,369
21296814_433851043676993_8947353133193887744_n,105
51635748_381024272698349_2479869276706652996_n,238
107829979_182631529905045_1674259841115802808_n,110
62390427_372696459997077_7499100556624436857_n,632
65965984_133646091209357_2695426146071778078_n,520
15337163_696150307208279_7311352643643768832_n,200
120748870_280727126287276_628298261806283907_n,6784
120278601_2763392007272103_9031408912848598900_n,8645
120544778_3967363113280914_7161088191407787200_n,7123
120236164_136436331530414_3083909811032127601_n,4336
120569669_336023817706832_7667342376854521403_n,14814
120353309_1091694874579498_5896936639304666836_n,2881
120217041_1256135428076605_1335091111585588950_n,4011
120295534_325183095442557_6014688147274827552_n,8400
120319414_328150724945785_7755626030911237258_n,1547
120598125_621871618503661_6301714186558458135_n,0
120603583_196493801849916_7147446636152542943_n,115
120744470_373439483679160_5992505608149179467_n,18
120257928_195177128662480_8275851422527084906_n,117
120333780_179039490423352_4249105166441144252_n,112
117170731_309505167155518_3131643068634438744_n,276
120500075_378262359856038_1187337425346154045_n,135
118192959_649516045983100_2847621123601156184_n,250
119886560_1275498056131405_5578281192136058613_n,132
117433865_350927039244009_4455294723425172944_n,1623
119953501_386690985665556_3939157731604142433_n,116
103728132_278886776804547_3941328175104575244_n,115
120602131_966259420539223_7486907337402571829_n,28
120603106_349159086192548_9122662004257821383_n,159
120767140_183472573290541_3708544272260891060_n,45547
120441188_179172083733045_8914730450957452200_n,34835
120541558_163462615455376_1728086498954026272_n,8412
120077051_1690617381123885_8329256005297315914_n,1302
120732814_126568152230453_9198081122411669137_n,500
120203373_3583765911648229_137085621294715872_n,1051
120582841_188537299455865_8284735906083438515_n,202
120767888_817760628969394_976515312570871736_n,529
120934598_369271064200436_1597943814003886229_n,286
119060149_371108920719567_5655288734375178045_n,3095
118782467_929860830826017_9177425496700566182_n,114
118162651_365106814489163_8502192824559271358_n,1082
119692548_192249245640687_4120989403852792363_n,4577
118730026_607502319934296_335166864609914737_n,1252
120661935_693784337889587_8755323598145915575_n,47
119212768_260526398364142_3218178587676996203_n,60099
120124235_328255825062095_6765458244575000774_n,910
119189942_327335345040750_7474688182756134778_n,2580
120279840_115184900201190_7228785349284607556_n,2158
108007989_934691643666706_6735274638239763722_n,145
89853604_524339151813125_5780249305478258466_n,255
119108905_1331488580393327_3794221294297199809_n,267
119895760_159913205729617_6745238194787293346_n,206
89830522_220570755853033_348549518382220096_n,346
120602923_604931093508614_8416747404139076031_n,1002
120550104_207735744042646_172429962671818035_n,483
120605532_1684518415082609_492091564907904133_n,1103
120495952_184707273162683_6299878482277245186_n,10233
120802715_335014507789787_4740118869583873859_n,565
120751167_126047278968517_5032638161723353628_n,791
120576620_1649713288698844_6266733465090614860_n,372
120656717_2787269548211128_6514613308970022533_n,2988
120314818_1035976206861684_5092917672148515900_n,477
120639664_399525078110796_928531053351021340_n,2
120802715_126502975870580_7246361606680756991_n,21
120822387_364018387979216_9193663305042082299_n,6
120258496_1012449919217801_5315612077465916701_n,381
120222329_339970910570185_720632850164399567_n,288
120086703_1782724348544153_4590697753639521334_n,456
120576375_2766379693638280_2181069124063158555_n,78
120258102_2799082270375803_1690657253094258547_n,169
119068085_195179695290319_3306390281543027460_n,166
120498913_192674468896666_1625926451545997365_n,101
120732814_1257706567910843_2206323160408886243_n,174
120627626_660197474630916_4383319726069879075_n,126
120673995_347223553027545_8200674877467897477_n,120
120838562_884158691988507_361628967214936466_n,164
120603430_176030037473115_6049714793230789490_n,184
120508651_124456402745492_1657521448786471426_n,111
120887423_2522271554743151_3518436279737081924_n,102
120746646_3347712365343154_1146050520642039032_n,133
120824334_1236014376758213_4104498379790698256_n,238
120791357_2704679009756959_3482255027587339648_n,129
84633354_503997487215170_4395266691807837904_n,310
69647336_659052784608158_4222261751852039425_n,289
69750773_711292715999899_8154651321263812949_n,327
73505099_2506162402834305_8720936023919588935_n,324
69624974_128052171836141_7494556788034102072_n,295
42189656_2202521430029736_8743062792764995114_n,260
38682767_1678272245629423_6595869989016698880_n,300
37174106_2141116822799301_6987872371382157312_n,426
64542495_366909847327909_259569114947527804_n,2098
120948371_757271788152317_6893680792751037004_n,407
120842659_110256147424687_860493575431014927_n,170
120654771_344370393559318_6924097457950773681_n,3652
120746880_802899717139104_5053078466489235043_n,203
120635873_656648404988185_7709243049507939807_n,666
120794341_180253756981520_212095013719838345_n,4819
120601356_249271689861465_3485658872586424598_n,972
120726725_804675346947752_6445431199447703744_n,2730
120897851_339023337314450_7180261500166666819_n,3104
120617472_188044059507792_886544853628666686_n,2212
120547545_631531811087939_8265438583085591635_n,4989
120658901_141952797617139_2579592979292281714_n,6656
120603050_2527903247499578_4229437150287832669_n,199
120555646_365402944822688_7407274685628068401_n,182
120842777_1504209223107363_9175924266430224455_n,139
120260726_2770259273188335_8719206430075736888_n,162
120557326_374829226984180_2935554396578091350_n,8858
120222329_348148766622495_6292085791613063615_n,1344
120729119_769045390607148_639017799168490426_n,1556
120748562_355652535556774_5937501393934151969_n,700
120578697_3306854226050052_4823530360345479392_n,3065
120619384_1510024105832831_3077948693436462807_n,793
119989704_454920615433007_1578280839058545635_n,299
120744211_323178445447388_948750460430436868_n,264
120654629_1033087023779548_8815293157415575378_n,1952
120421755_366419821218943_3122912893945285939_n,2089
120398327_218458199614174_7612368940993171187_n,293
67415439_358779348145627_2510841705672933282_n,1756
38769453_1204166729733147_1248867144104411136_n,166
69468663_457692624840120_731230112012353998_n,193
67966605_516968092400999_7162132705395997755_n,209
41063672_915669231974193_6462758452375266783_n,161
120807200_167583221651549_4368772945903688332_n,526
120672933_273798407001541_684129637101090237_n,291
120812349_805603166910002_2003177342645485526_n,195
120824605_3337636079655087_2322809331594481317_n,1129
120620244_184370169856279_8804306945114452246_n,120
120548742_796604584430033_3741527028150460133_n,15034
120598906_181976460161624_7561322597471768086_n,14647
120602268_176109130660501_5579056349913403521_n,1016
120452284_3516164531781502_4513893824245494538_n,275
120125933_119274203070605_6972551253521977189_n,3588
120642010_184956263158480_5649970015645187869_n,252
120092324_335592837677566_7501519499999749400_n,365
120239118_1000267923773091_1121918673912530224_n,1438
120039563_326547135267910_7380301977995113003_n,253
120646617_4508772892498257_1002649971750456636_n,162
13102430_1823189074590516_1660728600548081664_n,177
11881890_1634818146735495_1252151108_n,288
118943870_840531196351224_855468744348797869_n,157
69263022_509404859847955_4826922316269547366_n,203
116018250_296759848258780_7951959069689279922_n,388
61775959_2201690546573551_7819143093253199126_n,140
92295888_152449246150938_7889002792379595704_n,176
62265516_599942143861025_4035842446526749633_n,317
120733680_996426077446638_7743039607804746832_n,34
120541625_359525345199898_2906056509200311484_n,22
120531708_706410316890440_7299950425154071982_n,6701
120669928_1012363142610859_3247534941803539270_n,3330
120842776_704383860169157_4100936175475753945_n,343
120655145_784706069022112_3955143970302517852_n,440
120540491_432394547724007_8006695200397093421_n,7774
120842631_1218954565139341_5427832902089385203_n,124
120579549_435648484071680_5862327405220525452_n,122
120662364_1238825026510452_10369066468780362_n,2662
120541559_3529136490480804_4019339893723527052_n,176
120662362_396728371489867_191251368573163556_n,58
120621017_341516467136212_7425507058789998437_n,47
120508651_749262365654028_1833419293162519929_n,2
120740868_357690842267617_4309212916231978392_n,133
120094480_154577302987601_9072940837863075380_n,199
120568010_340244753972396_9201129495498103635_n,106
120314485_156145626142426_172568498503853969_n,123
120905690_1780003642162044_4179728588084545872_n,134
120658899_934975563658859_9028490700206842988_n,141
120845913_653059235641678_8839357048421731272_n,207
120649470_203177797823000_477727102920442029_n,126
120615837_674042296555962_177051282121868391_n,184
120673386_161632175616907_1510902232301528357_n,135
120599251_1193457864370505_3472947747940663587_n,147
118064602_1170430446657490_8298087964993224924_n,592
117282496_1075360949528141_4178924641128478527_n,574
119041934_959281064580520_711156828044849121_n,242
75238456_1053239485068363_5353781281924856960_n,184
87237879_1029375437442577_1966911345010476194_n,89
77401447_2349982365332404_6652623323670994673_n,123
101710120_292172025257377_1144444162534168860_n,74
120167016_1554971958021456_1063770204038831552_n,48
81637073_580767289150012_2035209074664150595_n,55
84182032_218761505828971_7585886184629097889_n,159
120657179_331003837964518_2878817914218655057_n,169
120787785_682335292395589_8045577986292067086_n,20784
120748981_951366458685144_4400603435492871739_n,132
120370513_1271612806507656_6987743049547061877_n,2491
120598125_366785461031244_5278998730837742450_n,1764
120636250_761863957713997_6499899773079664819_n,413
120652075_663498811253464_7479312138225651031_n,132
120671740_2786765084981240_7168158075842736367_n,162
120881169_459131465024928_1075961291412339029_n,14247
120660917_1555582931269651_3382217720658597979_n,128
120931621_199572758198615_7760274744321538710_n,160
120634404_123181575965634_2085226306147109572_n,375
120789372_2717492505165959_7153016710742136157_n,188
120247970_331792538105314_7511446412924771436_n,15369
120455796_739386006611910_1165367111982298_n,3449
120600458_659184811423008_267104353180878886_n,687
120772104_791149538310425_7023666902846915809_n,58588
120372085_176286810649572_2737240982623057683_n,3620
120736494_635190427190438_8102617898451477670_n,29091
120970964_1472027862981520_7642189057902994402_n,384
120654319_541746029973833_4436848705522705447_n,321
120669927_169098868210403_3986227597552872998_n,175
120745514_654361195461485_30276694610897420_n,202
120842669_816738469130995_2138357389079043484_n,164
120823248_330711328195936_6861751874731012342_n,316
120893306_165489581859075_6930681561294122833_n,183
120752143_374584536919714_3505406875449888184_n,593
120332103_1923496144458931_5889163827615647367_n,233
120429392_1335562503464194_3902814760270009516_n,355
120584230_361188451742725_2359445199886006726_n,586
120654319_181979996824894_7894045139625701477_n,111
120541376_334667257809436_999542640187880667_n,672
120540492_342527030293864_6834822693635622653_n,857
120201965_186731383069165_6352681793490427420_n,661
120843827_2517258978572037_5553523282434954068_n,5
120834042_2111885042280885_1591214670797710607_n,2
120654629_354234982491197_1382482156856870418_n,5
120663556_850879135666416_8881094050524329423_n,1
120542788_133801988437323_8669925864031224424_n,169
120371097_176107090796126_5987712967092015445_n,137
120467069_3216055821857356_5310207016032014764_n,260
120622813_375190223648050_5226333816209254474_n,1724
120348929_939071949915262_6752706097372268652_n,2966
120578559_106184861196111_5213266979682006051_n,2004
74634299_921474528237831_8439994509963848939_n,428
68760154_586003525562277_7306332711573776538_n,676
119074444_808061753351384_5110480073752078614_n,483
92545768_519094848765809_3296671106748027695_n,227
67761056_150114789528404_7937896017182247275_n,374
120736830_364507801559871_6433546511777936048_n,142
120581347_159243285856371_5425516641732013545_n,145
120656285_140380084466389_804782220655723241_n,293
120616891_110245317426210_1454079178672992849_n,2704
120654009_337369634208895_7940835057895869583_n,3991
120806475_151173096676771_746287062046591591_n,35672
120633885_250423946408766_2133773400774604111_n,10214
120832008_954629851711368_8872685527996869158_n,9134
120746880_2784987591827411_4475624933538638838_n,5488
120824942_429548728024438_5607234546694867699_n,3590
120664439_189962952630942_5320156968391807801_n,0
120578107_818348498922218_1856195885320383721_n,419
120486963_278810016440061_3249214754165649992_n,156
120538498_495098831447286_7413534193052886520_n,3379
120842635_198804248282969_6165350638177533623_n,116
120555646_627616964568356_9011563145879858902_n,448
120887299_1784133845073855_4202773257821628104_n,282
120513944_1258518037818778_3960804431570490416_n,414
120537244_938916626615753_7657638607610994324_n,9533
120570392_1224962907885222_534825463004806733_n,401
120878623_330791508151369_41474947222983575_n,1535
120318945_674305789876519_3407119446661574956_n,877
120578791_900254900508554_7712066899522026332_n,647
118946926_251623286012628_6797708805345231499_n,658
120670966_132499668574982_7978852667205155387_n,256
120832012_770022776901254_8311159518501228845_n,125
120600490_690818308192545_9135917866393840372_n,147
120601613_802513087242360_1772002505022915266_n,1091
120546204_654302282142983_6754264338574276912_n,200
120631511_356963378995378_9074174177645493635_n,842
120581599_705565213638237_6032012022199803325_n,261
120577779_1061566654263308_2137588792458794685_n,366
120654009_360196345128919_5882242167628528711_n,121
120767523_744540883053352_6661959833750734949_n,168
120938074_194799505362464_2755943654911497200_n,107
120803267_736242476959906_6608399145393171940_n,103
120202174_246060970157382_3905143356481976266_n,495
120552816_342710166804198_8233922718467103959_n,446
115824750_3393049844059879_7683531337706273520_n,2009
103522231_190225275643431_258127500058794025_n,462
107830503_751662102252003_7584988929289850489_n,487
120198932_640874150156388_4049908591034168302_n,344
107433996_327900251539580_580696133974322091_n,470
118688483_185193276314513_3128844007461354315_n,400
120843377_804424640373185_728015437524892811_n,10
120733113_780834482770751_1607347157669578569_n,4
120202652_329225188307481_1395759241129840044_n,3859
120179543_759385308174703_6806735935089901149_n,563
120370721_350268472762080_5069802078912877010_n,3572
120503505_1464093517314264_854469063566669055_n,1065
119215185_321380432462161_2524071503031458151_n,3462
120453082_157413839370191_8972726826017787383_n,751
120657176_360802988619423_4654295563880603342_n,115
120152432_808873313194570_3457229514299605240_n,1533
120539386_533388174164261_41641588211914216_n,276
120469390_250927423001151_7838746038115543853_n,109
120603384_193387195556039_6142200869742907576_n,119
120673386_620795308600549_3307348164916554087_n,228
120844155_375775650134484_1347565050122531698_n,341
120813796_834162747326148_688965345539807479_n,164
120371681_3372158896140593_3771286960350426040_n,529
120219613_329428528342394_5189851633557150672_n,200
120174030_127251062129107_2299340212055339275_n,174
120245986_388882489169301_5111399625282379240_n,192
120646753_351091976091351_6556119194932985023_n,1277
120487239_2531328940490783_7273482821796531545_n,1291
120540936_2906635822771284_6885948367234026401_n,1860
120579345_128094032048243_6269698272974174889_n,1057
120603105_356884842099295_1159459293137581359_n,410
120349608_349387326322630_1507457718349651670_n,1086
120552001_332445688041366_2058658953003125048_n,114
120195147_3940046599343556_5271003551086399387_n,3885
120821035_347077096545651_4404289766393828969_n,924
120538828_125957445645140_3817843101825599258_n,6680
120604150_144179394089444_6014647256869586830_n,645
120499200_144960107334439_690969761939750004_n,466
120780959_1083303315829410_7756470399734003794_n,415
120541560_168718278184119_4409253683647028663_n,7680
120720552_386786228987656_6236135479805841544_n,147
120631511_441824537214405_1124507882164777847_n,1391
120741134_271088040672239_8222334443921978182_n,6388
120540310_329108181712988_3278649547259428851_n,11895
120596897_338236380774472_9077342518055342243_n,8994
120515939_350585522813311_9170257426725314558_n,192
120455146_351150279562322_2105213905426183798_n,1156
120796366_760181791429368_8836925435779075439_n,110
120601849_992979654513024_4139586007110879820_n,179
120897092_194336235435269_7037383019356069907_n,0
120735949_145391370596691_4537411309935385609_n,30
120772105_382855692734816_6491475639336402057_n,1
120652075_1052795585175177_8933155883241832658_n,151
120734978_2610306195889347_7958138469178936298_n,325
120652620_343384400200033_8887502504864759960_n,149
120541625_366065201109138_5563372770322351297_n,127
120601557_290997042467448_8928557739480919804_n,115
120575802_210795610389269_8565114144722078866_n,331
120626558_351082686205806_5913506101855758381_n,132
120816905_2669821176600329_8391370409641793392_n,123
120813794_337497667581174_4310524103630299722_n,265
120737490_224785218977658_7087752062589414052_n,0
120735589_2689568827948828_6766027320756675250_n,0
120726262_759062834638770_6723783349030781349_n,141
120962279_428364664797676_3746896942652030604_n,128
120574844_824694094937569_3943898317149161518_n,465
120816909_1172892469774245_5225337280939979242_n,216
120794436_725388661384236_4411360874249130789_n,590
120668239_355152545603704_4593479064234672122_n,235
120810449_378155100225002_2591440528290918570_n,469
120724144_398016534561506_1096016647162874042_n,865
120581213_790117145082184_1993884050834587098_n,186
120138431_209651227187260_6285772850761944359_n,914
120645796_170637271430408_1042986568418346890_n,169
120485592_198848265156533_4757918672060665825_n,127
120263415_738678246988280_3270868009182932215_n,151
120793783_249756339807494_2497621837292813405_n,478
120573296_223797285751840_2298248392558552265_n,154
120278596_2712457252375520_1713669866402819624_n,463
120370703_123732335895094_2386629365996296781_n,141
120908806_2293285164151356_8023029294314920824_n,322
120542117_1576074682572899_5150548809733540596_n,348
120530611_948113442351072_1184573101015072284_n,1544
120540770_3511001198956745_916263757607014996_n,1783
120582571_805019173635051_5034004733912166417_n,206
120601767_3251503688236591_207489392313123121_n,388
120666884_816853942463282_4100080236953370913_n,4816
120748132_1657182881131214_6012958295878261277_n,437
120879514_948895335620404_4047879995981782377_n,162
120535179_473421860280879_8672873100251426428_n,1605
120601422_335619960848688_6009281120436294255_n,210
120749212_346528606580445_3907410271344595909_n,202
120923132_942576476237471_5964135718950545013_n,293
120519029_341768750269615_4314119840826166222_n,355
120601422_2769930396622826_8024172328221651202_n,202
120581477_373431403693062_6737005199092014566_n,2004
120973699_2788516664802655_1315085415907760810_n,0
120768567_1031955300588279_736634942267126756_n,4
120623910_720453315348518_3680811749211210595_n,1
120937141_3329441977174714_3038526736602577419_n,206
120815387_366958374344691_4865265538389052120_n,112
120745260_258104715516230_8995492956240959362_n,191
120601670_936385243553486_1309733686231288985_n,481
120600489_183037199983850_8169885684434605177_n,2369
120537243_662620567962808_7330010437655066123_n,631
120540743_1056143841475125_5195389141582385215_n,198
120763961_1120674835002039_3996916437087930196_n,123
120485591_914349375638506_4464423588766060890_n,166
120429820_1770678286433157_4243013511088774577_n,1796
120808655_786634672113304_943130240632873388_n,145
120601246_798054310953449_7646412529285889644_n,3795
120339329_3692012944182609_6250900280909969389_n,177
120883449_145499583933666_433048072261130059_n,0
120578030_336975354389460_317343094085954495_n,0
120603384_103156378198392_8593700142207771604_n,176
116102053_1437799089741103_3939322848899672412_n,436
120091771_683166825738745_1562138824846580497_n,154
120263580_178284793789701_3632803982254299103_n,126
118510558_1173772486336044_2187041943144023504_n,137
118561213_335300314333673_4895330955335688981_n,1191
120604799_347344746610358_5495768803633798433_n,9905
120668850_345382666579569_6710010277432549754_n,801
120557164_367209874316086_6928853202379413732_n,5278
120825958_214718819999331_8846465336117038087_n,5916
120581882_168388081577718_8763758072567675106_n,1392
120803561_132106801943507_2002112471121047167_n,4936
120772104_633417100897393_2541017807684698962_n,5000
120605255_711463276109893_6057240470251833411_n,1821
120725982_166422931772472_8484965555285663747_n,4396
120736991_355328138918348_1502071586039541257_n,1
120914493_766360634206062_2811590370629856815_n,10
120564885_190076835892789_1531979085197072763_n,146
120203247_196062905246346_1213224283450683670_n,154
118780089_1295581190786938_2926421919512074189_n,284
44531724_1815150868583170_5848339050920280944_n,13339
117127156_318550569269544_2226760798979378264_n,192
119644426_342816717155471_2336557962957376001_n,156
118671139_344821560024556_4472452387818695211_n,127
120645794_706538573273535_1632534758501774587_n,120
120615836_113287613748096_7363171039665434109_n,176
120578331_964913664014741_8479649337607337908_n,267
120592075_136148374877066_1862336097752194984_n,5437
120745980_333665831235610_3281152500233936705_n,2930
120260726_253566212707694_2426784466173909562_n,151
91073382_1309077749291715_610639815669042377_n,113
50780564_392797814858252_4018600378992303733_n,242
120603228_1152591855142107_8428501561881022151_n,1703
120842778_180403633661458_8636781744070486565_n,153
120656078_838229250050155_2745486874387582797_n,110
120601994_352514869134642_1957147369743221455_n,145
120601931_154012929487692_1875071307507837118_n,1558
118810271_674274513434911_3860224555405127324_n,840
120136835_330817834665700_1500073141330827234_n,238
117988650_313818196352179_8832465951371258320_n,1117
117721202_337035394321196_3745503705020911508_n,1250
120332063_360293198663783_5968920177113651209_n,391
120581486_340378580518320_5915210475979043474_n,3126
120427522_338269277264632_2306430210783168823_n,292
109045911_1258583621147354_6519450810377126796_n,194
120894805_151425373150259_8014269203118579947_n,395
120298423_683568028961163_1087677763771532300_n,1269
119789012_250364139598919_7803779706247872279_n,9136
120479757_1053525631784298_2253829472824001207_n,4136
119938879_344511453412431_4573524898808875326_n,4437
120411588_1540100236160780_3230275097572655982_n,3131
120113314_746078226240807_2009197209897961414_n,6406
120581061_248695219905074_2756507910804941484_n,1047
120571458_186757662946596_5879149143618481994_n,134
120613589_251709026247289_1946711892570815502_n,13
95570894_162510465192081_1248944208115513455_n,291
96139674_167939394706253_8124182736350954551_n,229
120257926_126033795625655_1585428916818693324_n,116
75545957_418622058764579_8873182936501087761_n,187
117860308_332020821287405_5433908441359375325_n,268
101050230_657283678395593_2822579368452633934_n,1212
120791355_1782878765192505_6389651502748995099_n,145
120747269_113379680533982_1066740684500797441_n,242
120614769_977149792787295_3641112769081873803_n,241
120823348_717729322150209_6522645051810443460_n,159
116604526_880407425701041_2904152506703845860_n,24
107322049_837306230129720_5643823024604596122_n,28
91704297_263706454653854_6739478237300512227_n,34
93945483_160554618602725_4600656006026587654_n,24
95319387_839719389857340_5779008552082999070_n,25
89984221_196890838414416_6379528157478201352_n,24
91170833_210593076712417_2649755695890370889_n,23
120485152_125650325672446_6319535638228207526_n,125
117247944_829323510933321_3629751281373580574_n,102
119800700_324784075278099_7854127999764079982_n,121
117230866_325854105124893_7573902449123022323_n,255
116685681_965147660578562_4235367632096916717_n,122
118315121_751110555685657_4999303819717438815_n,134
118788720_3108284149280318_2648965845546753107_n,138
119951021_1266882963665913_6732945729554543578_n,116
120891581_3581185545267059_7796156692539292400_n,3
120628217_192845472228444_623291571877426569_n,4385
120844263_1038050376654390_2371244572978170195_n,1874
120601847_203046007846365_5065060192884517362_n,1200
120929122_664009361179394_7465993195856292045_n,4136
120459731_337136887344697_32395844026010860_n,7821
120845428_202962434510555_5111545559543595709_n,2150
120601847_108577100939099_1163500249182298625_n,5851
120505953_645682693040661_90293206794927564_n,1743
120552000_4630308127009412_6443407007927203926_n,3065
120354365_1582438368618559_5089366165058288389_n,2172
120642525_2384853411809137_881186378049262554_n,5983
120602134_174651547581451_7745985807521882356_n,4960
120635411_629217101075492_6470741364261624986_n,4900
120539841_151548303309812_5204707891333606560_n,1172
120727068_1040466403042121_2113842550109542842_n,2108
120530110_661041004797193_366367327838816785_n,1485
120744211_1029845430770057_8171442026525301423_n,141
120602133_167018451673047_8584429966136814304_n,472
120188869_1011925539282124_7423713718447729900_n,268
120199204_689210695286333_5200578366033803788_n,409
119213030_1240749032946141_1345757178223213809_n,104
120555343_638007823429897_7804274461039929698_n,187
120605060_178958750365477_4890146654967416981_n,125
120085303_322688139034729_5829457932880541184_n,181
120616891_706491676611017_5448538436052881832_n,194
120615836_207941314085303_4440745507956823975_n,124
120654770_130963855049938_5704934207155857657_n,179
120513941_671642253485163_2132947539037464067_n,412
120746186_334997830912308_3466934935730779252_n,1112
120737487_860753871124707_4757299828446051512_n,1238
120750987_152779829843655_3545327044284937271_n,432
120642008_1072464413188665_7688990085144589593_n,1296
120849396_179197880411927_5012788737738574454_n,161
120844193_956490581512506_6147130514423130832_n,226
121006858_327725718486174_3478885500571047470_n,277
120600102_356055452302724_4527744398355581525_n,914
120508651_182166553390210_3856381053891278320_n,237
120747271_3744897575570191_3307756342615788680_n,0
120843263_348561743014183_1147915955327864693_n,1
120748336_347206763185172_809611414922960364_n,19
104411771_585763755684860_1926106396205762654_n,117
120331201_401865411214227_735044134357350083_n,22300
120808653_674064059891846_7491109638475766591_n,117
120601247_112432420517921_8605947809445650546_n,171
120601429_155132022922392_2420797209399895592_n,270
120747099_340359314050072_4522022469030271017_n,134
120721811_809863899766447_294594969070491292_n,239
120602673_178895350462014_5572715920676757167_n,118
120594508_113245487091405_3640018876752617850_n,132
120735763_1370624033328895_5792103166101650826_n,115
120595441_321588595807426_1629585503393116055_n,151
120635548_345338953221819_3076692030064735561_n,321
120670370_185087053129036_3366874057522857836_n,1310
101013231_201748867520359_1965275398728346461_n,797
117116692_507697890036930_5315449579441448233_n,788
101228588_277012313420160_1868502214943831552_n,432
77313286_1001839616846649_6632646868720652938_n,231
120215509_1276909485981766_3063640731494165975_n,260
106392887_186293796173432_8968990137847655167_n,1085
80480486_116209752988817_1930599305932847356_n,163
74603515_1083256768673392_469859854612599774_n,110
120660916_327670008521252_5425155074444105073_n,135
120625496_3346483815466882_6743142927005026271_n,108
120832002_202929017865050_4301410369249309296_n,102
120735163_192868168885528_3751996607069376453_n,1560
120845428_617252918970452_3421062434655630659_n,103
120893303_366130554534582_1796411627919099545_n,1793
120848561_691746488103791_2838177518954396208_n,310
120653085_171442707969573_4486074075932837266_n,154
120602074_344816760087605_8474001308440855921_n,120
120850306_388778722278881_1266966225991755619_n,189
120579092_1644903709022293_6975643877374716027_n,478
120580464_173864417732635_5437536568971300833_n,114
120670691_779694066186629_5265440882762266628_n,281
120821027_121412439506871_2818379009816937743_n,211
120746881_194426992074528_4550348903800273936_n,1955
120975483_1701463856696058_3526332073624197284_n,283
120993712_619651562057493_1993683574236636815_n,170
120480479_1003064710121157_3297261017987806593_n,10113
120549160_138362748008403_7161424477656111096_n,4543
120654996_3620003014729893_1547962265101213638_n,26901
120892149_970924923388984_6835012774512342462_n,5502
120456926_705755083485247_2636225753441140667_n,6239
120578029_102579844921129_7431211659158364997_n,3256
120454496_2811423469094470_3973977618498467139_n,3185
120599490_1288691154814913_7288971432176183716_n,491
120458354_1831136410378070_3822306847194917699_n,582
120733680_403428303978462_6342559978657986705_n,2223
120811211_725948058265736_5009969143768102923_n,640
120520682_3276580622449577_4175207595016025360_n,467
120549887_908634976210503_245494773802222017_n,713
120629308_671153087135194_5158109330517887414_n,178
120654626_177659860587032_3817090271790012946_n,105
120870779_274211360313542_5588762345497757871_n,109
120750445_1759465670872219_6874915386070988825_n,137
120451426_704911813439674_1777825002423619674_n,426
120824971_355848719167753_8212720263959867394_n,154
120604797_685801655375349_2198646671401158984_n,177
120741674_135817878226155_2655850365408811284_n,101
120730296_791126911709181_6728338752097177315_n,136
120962277_712681376267781_2884602597999548957_n,0
120844240_2778129845798057_5424126212154909009_n,1
120580247_325769241852730_4036521744158925297_n,1088
106727422_655597865303780_6667791456500170188_n,1021
108175699_189350405869310_6437507610747807170_n,1215
118074525_304563827282389_7651473369781079874_n,1028
95770529_167138514685336_378818429381653142_n,962
120278505_963747237440183_3118210561290660232_n,10342
120795429_343695913627827_7873243120393740707_n,370
120602922_802160823874776_7596080220972286530_n,140
120843533_192589942308802_6414249852204792215_n,108
120825956_345371326677743_4177209304355296621_n,136
120823251_185750326420896_2520233084623189546_n,162
120740342_338053444086006_4396049098331094948_n,124
120853812_199229678230703_2302020971969627355_n,154
120854034_1023834578053851_7989951051004015863_n,439
120844235_782364349269610_2559722645731435423_n,0
120997540_1412862782236293_7718079958769424254_n,3
120821036_353219442491963_3616281903250968194_n,1389
120541557_910262179382603_367438434798244697_n,19885
120725551_349066132882154_3062094538263465313_n,9088
120657432_695910617949937_5335058043536249213_n,4076
120863004_192959592267793_652447481279424059_n,2668
120622251_6780200242103337_1152440886160545740_n,9682
120851656_798100017427864_7469100825265947423_n,1642
120839361_192210399016736_5975609749581607985_n,4252
120315466_253037542762243_4045125148091689298_n,10
117317557_293768078389753_2326939964984158975_n,560
120672934_806193043470916_124045384421948553_n,365
118856627_158496229218638_2937341937460969316_n,2557
118352595_346970613125310_5991717713952684810_n,279
118516683_829748361102895_134498665161477081_n,291
118378007_2621472818106482_2327252601624992083_n,284
117893779_2354382444866383_935846403897439579_n,295
120427522_1059060367886558_1246410019770226439_n,567
120149166_773647620137118_5696566412728505834_n,344
120263149_172675041099000_7036743891718628250_n,1049
120305773_703447826921108_4607332417742272523_n,201
120665239_631742587510836_4234232708711413404_n,244
120824336_968876686933834_2824635025425345014_n,195
120844218_651371765516540_8519214308922130431_n,134
120636642_751079785746613_6894806056432532669_n,184
120767888_730482554203556_1458913601761950620_n,415
120843967_342002677253230_5016225288029601216_n,126
120846842_1549830568538443_5039688295516200208_n,180
120603383_153246159809712_2262665757399941818_n,164
120650134_146369173846829_712817987376367908_n,215
100920625_104097771264535_247474876713492475_n,1883
94469797_175819590258128_2101966845980680752_n,871
116098585_729544464507051_7590239237663134983_n,586
106247930_117546336414092_602634060003020643_n,716
117323209_1018320891922387_7229533322082946418_n,1014
97321149_254774102434039_5644112608358870243_n,106
117920256_302518644288690_6314837760489354164_n,1218
106487371_180436870315081_6777396402913053249_n,913
107815208_1228476824179422_6881410542074878231_n,1257
120541625_260575605234545_4732133744498822939_n,16
120985276_117109123485118_8972361046632988587_n,20
120744734_359772045211025_7210278307100522595_n,33
120620486_3384486144979167_5815899634342767902_n,121
120727069_416652229300107_6172111165400666751_n,454
120632930_330981024858884_6243139648154293182_n,102
120844314_692573664723958_3334536268654709543_n,107
120627519_694582157814239_2343924857423884131_n,109
120616165_2789303344646636_8243516064203643566_n,169
120750446_382969286206066_5957599255328247138_n,205
120597151_436925690621430_9015486087528352366_n,1114
120622845_1193206521061206_7570409684853635685_n,2868
120578107_134374391728067_681897096325565720_n,14
120666883_831493554270744_5925840676676201379_n,12
120469390_3350151648434163_4535586507458754562_n,18
119736529_338006894215171_2414180077664030152_n,14
117803878_4867674023258376_7484898626387465520_n,205
120760473_100426725156208_6224392322489511734_n,42
70760135_409322653061535_4400002745107646500_n,34
70057905_148957479647898_1503108404665199145_n,5
32343625_621196768214387_6651994976668352512_n,10
120726726_1217678185285917_3164466840837720028_n,25
120370057_659556614937617_6087595232800875778_n,15
120542538_151589116612913_8849422129667673922_n,22
120543016_1060204567745617_9208772476984002078_n,332
120602195_3240727722712296_2029021681626751735_n,114
120844882_1052050408571730_2256890586910582592_n,171
120743748_1307486922920079_7001043424149105969_n,1144
120796781_1013446865766504_6346255062345573111_n,2244
120566512_359526445239262_57769069273084069_n,19746
120749740_3333847390025369_7822068517778718491_n,382
120795078_263826928173739_3502944930213745546_n,6102
120655069_2651304395122808_1737649249854534703_n,878
120844369_1056132428182262_631523823777457924_n,0
120628217_336763424093194_4857029480799526729_n,1
120483505_341758893582668_6894672277674340223_n,6753
120844288_148962953604527_5601793798767542355_n,9264
120446981_825263168285283_8327256105818309573_n,16396
119878814_381303052885553_7198583794684451839_n,8041
120127434_3367122516703637_8098718682777000564_n,6623
119989571_669204130373274_2400273654575651120_n,3017
120133639_338329457612244_1449824454475102300_n,6380
119893063_656482731919458_8361817884566980334_n,8457
118768555_144316384004113_4637364660367495464_n,1225
120503505_203649087789787_6550766716372853381_n,4957
120579027_1084306948692694_6905498182883190239_n,3068
120369987_3612279535470227_1859353203127485717_n,2896
120748024_236267268088396_6598899607570656653_n,9908
120539735_805685360179780_7047136038347786419_n,434
120570836_778480913004848_4012432036726761372_n,15751
120654770_2735043666777020_441329404122841509_n,114
120521385_169118491425001_8010676825408269132_n,5533
94176174_706400816831768_7216800918006298823_n,196
106030852_193242392132454_6425206056543969094_n,236
116683096_2726085971009593_504548164797469444_n,544
116593586_188156372664724_7846825875501162309_n,310
106307573_277769800132234_949909569087244413_n,195
83839430_189921849039399_7257560107821714330_n,171
119004026_340365507113944_2658173508019411481_n,1148
68722513_136898890864796_773592545133239581_n,179
104174022_879881442495664_705262429746934881_n,173
120635549_1094626197612839_1538489240912607164_n,5
119602566_2812080765558242_8381371426948670086_n,300
120371846_3307103192714323_5737673401932796051_n,978
120818996_897692114097889_259402358436066259_n,170
120281017_1721221488025402_8570691348215600429_n,338
120028333_673796133245964_1563655275377280709_n,243
120601765_795984934564942_6781752472352324160_n,5875
120844239_194643812061101_3762677078892200539_n,25528
120601673_174587624148909_8880589518625493849_n,2906
120842781_339917523899685_3489323888012894209_n,5787
120598054_2661494627434813_6783647335378298902_n,7590
120843378_653866078598065_7660607838941990550_n,4635
120373662_1339719229697814_213756821197704107_n,1268
120720334_366441764491810_1674607141869818939_n,188
119895866_195771081936906_9201174987920742762_n,272
118241586_305322913899610_2908846752123306654_n,307
119230646_237144831059937_1379021153400376296_n,167
113526364_126685709099737_8008900122626248884_n,119
117652267_584982382189758_2603188005654353849_n,113
118766378_342164473808402_8535009873219726520_n,112
120158257_1305133076498033_548238787056256478_n,159
82007934_294093968214458_4056298925186103632_n,89
117806121_797482797680114_4747023504044750353_n,20
114757601_2673584009559299_1631555835104563660_n,37
22352023_1589035141148220_5737580539381022720_n,514
117374020_217713356314155_6801281049551395274_n,14
69537684_1111157042412595_6784084179139004697_n,137
38464519_1881892225190417_1871347496026898432_n,29
82377810_1483714198444591_28118751926063288_n,660
84357767_1467379070106063_3990369961727424086_n,391
67236247_2070165869956904_8802908041981464956_n,290
71237877_445258106349329_6461154002882260119_n,1839
68738723_131836801420935_4645194930062643150_n,225
72700375_602696260507018_6276402283203537633_n,1958
69254645_243803489832770_5008533719531719161_n,554
91040222_2900782503348707_1089379714302455913_n,914
120818291_1028445894244837_4858485728972553291_n,187
120656080_148426396955937_8587757498473341251_n,305
120637267_151966839928316_4273120303497529495_n,745
120824977_829540611208385_5028534184413380609_n,166
120740066_184078756505283_8546695644198137112_n,142
120540667_334601347615929_6918033180101442238_n,264
120842379_388299245495970_4275518409110219849_n,107
120791968_322945502334997_5307574905554321480_n,157
120803267_2495974790692852_5728252900080075871_n,6
120907289_196245335392907_7410421347322329954_n,0
120626558_204375894553334_5618450934036654948_n,0
120605532_3381325448589662_5669898887751070180_n,3807
120741999_1049906772104708_7346378745854690867_n,131
120657433_176857174019627_4058721973746025596_n,177
120936155_330640148213931_8660355204607669637_n,498
120627363_2040031062797674_2508894232310063293_n,108
120750987_1221320744921385_2584902768399404378_n,120
120669927_154923562949850_2192517529039451207_n,463
120581476_940479476475963_1830202037113995807_n,109
120795431_2751178631819696_8235623530416323880_n,115
120202576_343960540207197_3465361515324523292_n,645
119559601_2706872789630943_1708328285829172725_n,101
118069562_991561441265066_8316184044035740313_n,475
119360395_741442623080395_5608973463599292458_n,494
120284716_1242202299478294_6183008213137158738_n,126
120808178_366258071413188_5546450359170395361_n,2707
120128998_831730590931075_6700224781472934889_n,12052
120496646_746637739218538_4423203346812337938_n,2724
120751671_396231188069907_6653124943113726725_n,101
120201668_752898905286603_4257666396008626187_n,8400
120553062_1021435478298406_2674212259727954712_n,108
120823086_822089415261214_5704936125428348349_n,136
120574596_368976671148653_8307408537302809386_n,287
119986983_203626004458129_1890973551631323866_n,7239
120639286_656105161964121_6945688427911864171_n,117
120372225_175949327352662_6332593099677876720_n,1059
120891912_2790823051191767_7973691692285675444_n,269
120542203_176147547407778_4288257455936080386_n,2107
120541376_147962007007133_4328679429550021343_n,1896
118856336_351129649626529_591917692402574708_n,3002
91477396_662069081244192_5992234539663992_n,1003
95663886_867564436988133_5945536148203446570_n,1835
120840492_394081344925343_3235199164540058525_n,133
120743747_875797036285345_8471507486693552297_n,136
120749541_2650095115255380_1828962499829343532_n,147
120816896_360358015336079_7146744317850217872_n,405
120844941_881127549086610_6450334006060792724_n,139
120794666_366788924513599_7583501125477623693_n,121
120822384_806380456597580_2599509075310354280_n,109
120642524_343262223574764_5074818541379658294_n,1196
120795777_788638441680883_252835396221784192_n,151
119603998_360702345060568_7991703824634537142_n,3305
120532947_851001905660635_6771719355722513718_n,164
120742895_339355907299692_4884908768876321544_n,498
120926359_955499194929184_6089257783188406818_n,389
120828325_376875760387827_3951140896343611291_n,339
120654626_647932605705900_6839164196993871458_n,104
120819117_132202358624737_3462137926495031678_n,129
120749642_620534648621864_1870112174654357429_n,108
120955189_353697505779320_542009780335284242_n,151
120924054_1633794286788723_5931635602620124177_n,145
120659260_192970325733451_6635028504854156097_n,339
120802988_799588820839484_44751863539804272_n,151
120825948_2715409925389414_6428195138482021370_n,2912
120822388_328133648490847_7802401640896955098_n,114
120660916_257539762251597_6896049783891055727_n,116
120745981_3459520314114809_7190738811001677095_n,262
120898483_144011134094443_7778378959746833777_n,110
120844286_194504962074135_8024753026186500619_n,225
120660913_159187479219494_3685000726858302901_n,168
120735163_647131742864379_3172670134149712597_n,122
120747576_637880596920908_3589008126861096770_n,133
120897851_375170453869766_5905255391780038080_n,322
120843981_631571910824297_1942667784739513684_n,218
120537906_1240303879689445_8922349156373228614_n,176
120654995_2460738907567228_2557034944556535913_n,296
120746186_633854997498258_7169344305464071473_n,126
120844370_1008814906248042_6630536468654005825_n,3
120788725_473294426905584_1409257754423696296_n,0
120819117_837499946997696_1290326465403447182_n,0
120050445_198314828323245_2137341733041413987_n,25648
120453011_1826693377468679_507536749165613486_n,9122
120317268_1250612295306749_6523636336586858533_n,2020
118561219_594856464526647_4096154718067281720_n,1006
118516825_1379034045639746_4174650491990663679_n,5252
120030480_621780351838985_8867058274550257252_n,3474
118652445_192679852289038_3071644257953076297_n,23822
118987954_320768782533204_8023429793842723155_n,11533
118953587_126015852548415_4417274243946472300_n,16732
121017832_2752415618412111_189028246899343471_n,15
120795305_740194420171485_8846890857514447322_n,214
120613935_1252510751764577_7984491335065414300_n,8
120200197_1807035139460323_8852867533156837434_n,7285
120666253_347502373266494_58991141578524465_n,271
120838565_1015295282286119_5711194901924962078_n,208
119769008_1781402105355717_2132531520159740317_n,1601
120544097_185109899795785_1913839790854118940_n,337
120581213_803606580401480_3114162578255325593_n,1056
120659260_3324921844289547_3897771883403270282_n,637
120748338_344460400162895_5863098854970616314_n,1
120815886_137514248089776_4357088924293440702_n,3
119118847_762255237679215_5683299726511579052_n,295
95688612_101805451497357_942606100365498063_n,1163
120751168_354073229240520_4907408443168897577_n,188
120994931_176385873965439_3037106256545445430_n,170
120823866_3161715070618244_6994959414974545060_n,126
120540150_1130737163995887_2721354500136998637_n,296
120601451_176091014053995_6092416352995983836_n,281
120640016_156399512817233_9167923231741743093_n,148
120656283_182931593330587_790899420636967541_n,396
120652076_351754912608483_9197316903902933255_n,202
120333920_182791323357563_3504053534570655973_n,188
120750987_4490324067708142_3236592956966384175_n,228
120821034_666737750887114_3244096501183048504_n,149
120495331_811741272990090_3665802978355248360_n,177
120746880_373650534044294_1750405280206185084_n,131
120824400_126037452299984_8082457878195959280_n,187
120745259_432036277779623_2995586202008469946_n,700
120655350_807201090089638_5146465322334710632_n,147
120606788_3350205168399135_7577955712189076915_n,919
120666256_1056312801449678_1746293020922151333_n,4105
120905684_333400617764927_6019507329364430621_n,196
120603536_179902027006405_7058923774521194919_n,107
120595442_1236793470016968_5238707722904804523_n,215
120601510_166354211784794_23431245466288033_n,443
120598101_828174281258608_8571981233413289925_n,275
120844709_347066236728206_8043035761330249151_n,117
120806474_732998834097545_9161940734191520023_n,405
120816905_2681661558760418_7914204593632729663_n,139
120549159_3253694374749891_7984925911952266443_n,303
120549160_209023740610764_5919034743776591337_n,351
120580131_661505211453347_9150522027822021592_n,108
120655349_784062845497737_1076379344078061173_n,143
120577577_647919932780164_4880637321822647429_n,252
120768567_779130196261434_6106919490712859958_n,64
120659662_384764132519348_6362508177851428947_n,4
120845916_185158746397623_8474045062188342091_n,9645
120938071_341937707140931_1251234707685798825_n,415
120735763_145763180592970_5980938387157692670_n,162
120278267_763776304399926_4415626688233126341_n,2049
120760309_190255565843809_8569562539503224768_n,165
120721587_2674541129468673_6486956875706402174_n,414
120888456_752026885376571_4571146335255308628_n,112
120600411_3340659259305027_5904886102142896894_n,328
120436521_786146885293851_8842313502031007373_n,205
120552979_400527728002172_1222091760990639297_n,154
120843282_431187621193753_1909856060890915193_n,490
121022300_337104287555850_3937999176383857279_n,1569
120739033_132470825238656_4291502530914610966_n,149
120668851_184742389788237_8599148544347503743_n,1858
120601450_1464531493751244_6148244111821759046_n,131
120876934_807930646687020_4174977357424439769_n,143
120844153_389588578868522_278244795099125514_n,140
120842775_658762391718932_2993464076427174324_n,1920
120821027_429396714707424_5573146611922249883_n,112
120844215_1829974730489150_8898457892088004540_n,0
120836363_760225308161012_5656870373088403667_n,188
120633790_119084853100541_2529869848163774135_n,130
120824338_624740688408506_7109459212840169343_n,185
120854777_374391167273133_3875805042430333777_n,241
120736831_1727583470739317_401402803550339975_n,245
120620516_3652387768114267_5255643385199705967_n,295
120824976_1069965273437057_7141465344718161226_n,161
120598124_433885960906884_798815893507902114_n,197
120670691_765368887367670_6074584204691919686_n,1658
120899320_3949607845069383_4278085272451707653_n,123
120741392_405722490436818_632053884909931674_n,140
120740341_776295579826722_5561033322952949948_n,9001
120574208_661615931160037_3392394519593973007_n,8581
120412248_615176842493406_5684188647717887830_n,5241
120099228_330896294846435_5060617604487727339_n,8592
120477875_2825958447640639_5090967496706498713_n,1227
120330462_380782689974989_3925716904081354899_n,3825
120539553_3265969013523397_8447772405982382487_n,4936
120750446_115579490306988_1162676460755181388_n,1073
120430775_323190538781950_1541580153114228274_n,4773
120524372_2727238510883466_8507197709705181670_n,290
120845540_204107831114290_3409517007886945862_n,13271
120534662_126346322254506_3067039234559696395_n,15195
120661460_130575631768324_166988161176034712_n,526
120318427_894003811126765_7959085516424625335_n,25409
120036809_250397352979988_3864117486471118877_n,6491
120452780_1436045226594215_411014229495953212_n,1258
120554045_353832062433668_549935610643204432_n,585
120845773_832344510920980_321199593369829188_n,159
120625121_986111895223513_1412960987870334757_n,119
120555962_1713342085501151_5521172088554190126_n,170
120196326_949442165537556_4517699179372892664_n,141
120539464_118963136443335_5285699590165291476_n,138
120602468_262178131696987_8108809976019969957_n,112
120601074_189674309203497_362323950919387205_n,108
120354966_2784056231922239_6611389710134137391_n,177
120549161_186158839672026_2106603859606599034_n,216
120999634_3620020531389535_9115611711133782676_n,124
120796452_696958997574864_8862442368239877975_n,143
120733935_137470014730858_3034645990311488487_n,1431
120618921_342032150410590_638036940277533810_n,188
120636249_342132637206913_9100730363663090993_n,230
120886723_162273228883089_4307254738655855352_n,213
120660327_138449577986131_5411707998520999983_n,489
120845537_3719897761407056_1674801558887415384_n,102
120743995_337805544099221_668736197851998578_n,160
120852543_796205281114139_7015935279163583530_n,296
120654906_249942876451088_7487565875604474863_n,107
120844287_1285835901758032_3743825265980683636_n,194
120601246_432015914449591_8109067630108591908_n,500
120620486_342051593777085_3822629867680562182_n,1789
120627626_623713858296090_6416753493343421833_n,152
120745260_360830981633869_4127392497555784113_n,380
120808415_382152316155225_2389845545061527233_n,242
120601667_355412892271558_522045000160651268_n,260
120816903_326466021988386_801718088468063153_n,190
120721809_368917527815289_5406967044400015656_n,105
120457901_329052551759766_5637677331547750938_n,112
120966006_352021509186558_5529774638803295544_n,1
120578611_340881420346977_1980232251318150306_n,1
120844652_657600068294285_5134840605455774356_n,20
101545569_183486579726186_2225480888760381905_n,2826
117202616_301851467550692_2349797922694535279_n,188
95566416_242597640274319_1394887741485369957_n,721
118824595_636117633704886_4549236256606770165_n,778
117302474_1528802970654737_8267757798565968249_n,168
119438209_161012998957024_3289299975225406778_n,638
111349900_2918428061599365_3489597763537093110_n,114
105938053_738628570216544_4419314007400675421_n,137
120740867_886049195259573_3957664639846406234_n,2585
120599601_2782268175344130_2088077193992862651_n,1835
120635075_180573300242547_3768535691841889194_n,204
120414274_680904865880211_5011589941581128869_n,451
120575094_3754999931186542_746727496106171921_n,242
120844241_369502844178352_532335266866255872_n,274
120911822_967857850385145_9190586211390853546_n,201
120665806_382171626505488_6060713783103191257_n,201
120549158_966668413833109_4620217426216163291_n,367
120660916_334736164461048_569614030730765249_n,1927
120772105_1863546503783205_5948338456939602768_n,13672
120836358_164642291937526_8236355452300521359_n,13066
120621329_842122896595429_4535815030584907865_n,2053
120767524_2639219843005966_5784365951439224621_n,2311
120720042_102851571562323_5970594909993830128_n,1022
120319412_760191254541429_6912237822541547924_n,764
120732511_186511132956510_2612129590275710089_n,1006
120541452_626767741345259_7499525731393083664_n,1385
120601558_1019379785157093_5772236119895263856_n,6643
120202190_122319799626117_7119328683261075237_n,473
120614475_370592707459949_6414898697360095782_n,551
120599759_4007508105930801_3493696137720838246_n,3742
120655566_781943915977087_4237654412948843803_n,127
120595988_1196055107415345_2756292303080620382_n,112
120601280_191683845761945_6588637395372694205_n,113
120825953_826166138149899_3533556207648221756_n,127
120743746_777353669504335_4130086882533015999_n,137
120600602_367752501084507_6844187687948616132_n,178
120843273_131478205373647_5521193241147741917_n,4267
120750099_1048454028917072_5425376918054634441_n,126
120929227_211873076945327_3105207974051299101_n,2
120844369_189376242563700_8565353933092744591_n,2
120748768_828289264641036_1801434333054030207_n,1
120844708_637533816949124_1748472520279895583_n,206
120748562_625523811462551_3065747999094995424_n,6063
120732815_183480383263248_8115449012737555317_n,826
120846843_336186960990468_1338476970217312779_n,129
120604678_818739625550326_175652869979910428_n,203
120891027_1039356946519941_3056801120018048890_n,794
120743995_259021878733046_2214939740363978795_n,1749
120203067_184469293295544_7148681524413215974_n,110001
120668239_2419169995056199_8400652348454985874_n,9089
120750115_644201296458341_637719787914646525_n,3932
120355778_703521497039890_4328251779590785124_n,10237
120722695_795142057953554_9079360478532626722_n,16634
120566841_353098739224752_6352673742186967308_n,21510
120455964_319390992692789_4692691619073058142_n,22795
120890777_113350410416208_6290919457294182519_n,136
120723383_998924820533477_7492860500060266428_n,16054
120430051_677614659549161_712023257718825927_n,454
120661461_2561444847479707_3351151289559395126_n,698
120136367_339748960570318_6038209538992353843_n,1334
120275647_3312346268847405_8600259405204299523_n,387
120819116_152924136483299_3144771560072163995_n,177
120593670_267302964442312_6360714752745305093_n,108
120790979_893954777801825_406020515091384086_n,205
120473568_193258119027001_5995023532549126383_n,11095
120736148_349546689627415_4108326471085554460_n,8862
120370265_860437897823349_3138187138695960025_n,6430
120202652_658380524815889_8668505046997750552_n,4293
120540309_332361594727831_8702085955460343599_n,3574
120419312_669806603915745_496295401266170530_n,4392
120842629_2433834626919736_5878040577532472870_n,2341
119492286_144602760673518_4147808805310145430_n,12094
101054415_245425756715456_6188364443274097629_n,5177
119924324_622351095138509_6191541924552193076_n,7861
120043234_182562666720240_4583307463046294989_n,5390
120720768_860790251126575_9212291760235746089_n,18
120602194_1610377389173524_7879068771344996922_n,16
120830638_1310019245996183_5567101404024799770_n,5
120601668_337527120806114_8984611028266515396_n,124
120816115_122956889330011_5828041072889760048_n,156
120567139_634769880517430_3006578463850613926_n,445
120601614_1047145502402855_9083747421355085100_n,2667
120303184_330988528172331_3744871194433042725_n,8555
120765854_831219697682325_5509418266218345429_n,1051
120202600_427452604894309_8859315528719110887_n,10922
120539466_708618069866722_1929028587225082527_n,637
120741393_123192839304355_617070288736008442_n,0
120747879_2303727223106030_3347055518308532922_n,0
120838565_199789174871848_3693605505219698936_n,418
120734782_2758496187802961_5434527123906856127_n,172
120672356_2664414173774092_8452791387934255144_n,142
120604873_220979272779977_6523005734062232436_n,474
120825948_352005136048971_8252358240633968735_n,220
120793681_340644177350056_6355608332980182247_n,221
120795778_192799105559965_6839083024952480753_n,7947
120743472_841331766617121_3236290529059760035_n,111
120824304_117954150067521_5630014081846227652_n,241
120850690_213063573497130_1061422345325687887_n,141
120825956_338478954088240_4309836738705763671_n,167
120844433_3517960514951017_3947363405201711198_n,0
120566838_251314372947553_2712638286785640447_n,18428
120843609_182128590063962_5390227863063602899_n,11520
120843888_136753024801910_5391670526017220995_n,2473
120619971_259570495338717_3268786621176732460_n,13478
120760473_406173864119281_216785516366278207_n,9589
120844312_827654307979459_4556766841317120304_n,4238
120615837_635534203772678_6605776760033579007_n,7151
120601767_2070081286489560_1814615506157323086_n,2231
120794341_623012178390019_3033212417913666123_n,1465
120843268_352458912568299_8355964839857352316_n,0
120956435_405274010869341_118315652524456037_n,0
120742893_389738955524240_6955785938821394813_n,1
120729462_1036266663485561_7169800638729330396_n,347
120809353_123255565954269_1931228625994691869_n,106
120842423_180828316980392_7391975470526834942_n,165
120638925_339788693781901_8318758080713265671_n,160
120583589_137955388024391_1053599432517428043_n,20192
119992864_321230389140957_4786221687637570343_n,164
120371292_1672257029609365_6782151747382159364_n,405
96256316_1746582218833812_7448255233808381959_n,572
118977443_2793153194252731_2505093053388838037_n,123505
104429275_982470642174125_7813493657274038812_n,117
106490999_666844487506364_3783815797887411201_n,166
120275600_680267212924883_7252281009561936028_n,1647
120277109_247901626633562_6950066889019261918_n,199
119860419_247160223317116_4834941149054274318_n,1067
120465813_397715801240108_2377067910716975603_n,1029
120265871_101566201693817_1012437490365874732_n,2973
120540487_363310898372168_6274620209593708390_n,1285
120090700_356854168836468_6622141642877770074_n,2487
120050622_1950769818391615_2929655636960285864_n,1081
120823252_334001314364987_8111317179816352221_n,954
120893191_468885583999054_1007064951407158898_n,121
119880853_184621649847396_2038326414671184374_n,5390
120495331_967492203745806_755857638361381076_n,0
120931620_371755357287546_3349913087078758087_n,0
120997474_135413284936784_6788659986505768356_n,188
120645796_2719568788314292_4824535019209235409_n,119
120576620_178752703779941_887907531703849670_n,207
120805070_387280305994103_860719320108995090_n,164
120748133_1246674139022341_1643153232885003909_n,507
120580462_4443777499025693_2267123601222228357_n,218
120371487_375095333627986_7447832084460429419_n,405
120164486_187003989467490_4922898802481348674_n,114
120597543_186031032963518_4119781381868512332_n,1539
120805602_1209255599458869_5683846281758307732_n,15
120842378_685921652021504_6566625437804251959_n,20
120844882_383859352622429_1197985585764502349_n,74
120489606_2866057973624990_9069785792060580947_n,1656
120200839_264226308078638_6596440517058773811_n,219
119124359_392765691710499_5879378180581427485_n,1619
120834948_3324696720946132_5311515359234952050_n,128
120734390_163379732081297_4801381181615370767_n,173
120011489_219105519553940_2091199555553084149_n,136
120652075_255796009093556_2811121259132209412_n,195
120809630_257708052221032_1275686985914581745_n,1146
119961824_181054006870468_9162676662061405228_n,120
120292119_460891478155743_5879383288234731691_n,122
120814498_100344845169730_9166481880021840173_n,359
120541477_2829568860596296_3307400624638245098_n,495
120825958_806011196866059_4923203140056469189_n,29
120627363_364309758271880_8279140643721751121_n,33
120242590_335601597665357_491839841657606907_n,39786
120435039_1005417676634812_8500380249229040393_n,57397
120937127_364934178214849_6702407243066998651_n,27266
120743749_1519895028221381_7332344588521055273_n,42332
120435372_358978105245992_901012601214516390_n,46779
120791357_643886789650399_1401473274808988157_n,25367
120641255_1244764682549024_7774080299952020024_n,33903
120198932_1632370406944513_6446535900178194116_n,63125
120601685_787781038736438_3424201023981712573_n,11648
106394701_360730205058388_3779966971076499239_n,251856
106921250_1546445695536430_2565577190388343883_n,37945
109762830_2435088483450262_6645213737988975713_n,52606
117812809_740315476826655_371702019392503909_n,81980
113333101_312139970166323_7716954088434414944_n,52076
117328451_937964850038901_2356270806154355240_n,50761
106237692_269466247482668_5891527363753457295_n,14882
106292259_2696565443889958_4896718265164240450_n,35566
116131416_172233651010615_1542283892083044177_n,39017
120781284_769363360573475_8907739734765919039_n,481
120843878_331032981460160_7415340589545359812_n,3197
120604988_183717373218638_7768360887045234668_n,1017
120373797_2756138798002153_4382110986849871588_n,1014
120654319_3165519723558854_152031743941351048_n,229
120912702_458990731703173_2065317854279474342_n,300
120807387_2364817327158570_5106278788397016505_n,135
120816909_403745193963835_4461281478331056518_n,139
120666883_666929963958147_5405093963871090478_n,140
120661458_2062958630502225_1425405127713258318_n,140
120997367_683288022286535_2937626524228429331_n,137
120655285_159662152454145_6863263988671021504_n,109
120888457_178386520512394_3682934487416298562_n,906
120614211_697538517786382_3206056680925532892_n,4795
119807636_321834662433888_7641414540821596841_n,341
120844941_764580434106572_949803910096895093_n,130
120630148_340334987298736_691358527139497198_n,2816
120929237_792895661529908_8054378014055667875_n,8383
120883205_362115951584122_1256475925002121395_n,16725
120843098_2666192966978363_3822805027307780344_n,121
120542382_260164098618782_8934028302999223811_n,1977
120842897_170766868012634_6720474950156789637_n,222
120739530_3243553529032931_1973417832690175267_n,255
120830639_679826179579973_3612700727478204900_n,255
120666254_169714088029119_8664935257113313284_n,150
120737944_333797964539855_1445570753399710874_n,0
120743745_196639151862545_8836515921707053857_n,0
120626997_174692937568995_6238493892267579331_n,627
120656717_811201483045376_2396305991952823531_n,655
120825953_212532643542791_3601829369293567632_n,4308
120656080_766327120579787_4357040866848675428_n,2752
120842396_623411718345297_572020419284160641_n,1586
120973702_1329024800767219_2764024694346075058_n,1202
120898204_2913622375534460_4471147152178966774_n,254
120792656_2687616724783669_7974392397349829718_n,209
120613648_159217749172765_8478304219060757419_n,265
120664818_156618302787559_5512346086835702928_n,3523
120578030_195504841970963_8642419691763938781_n,2155
120750097_119267963266993_1210491509237936186_n,318
120657176_666288294313613_8285929674058108694_n,1725
120744469_2758616424426360_1551776719111990539_n,153
120581827_1435074826688799_9023668516343002761_n,961
120751291_111222934085732_9076454115633022576_n,236
120740867_109641827489716_9025561612975118780_n,136
120723122_350709973031530_2524089917315861488_n,363
120663152_631246484218493_2706900944548289670_n,362
120341803_695135571090679_8607623428231482405_n,186
120373394_139143637904213_2748549631206970107_n,465
120577724_157067192728811_5883806401830592866_n,255
120509544_133783981793898_57319181648527651_n,266
120845913_705873890010097_944026389692317819_n,3
120999311_3791274404230367_3692604451083498052_n,3
120555646_645909119443226_530131249150795824_n,6
120617088_165922185140144_7387285025345724680_n,319
120653087_811692679587934_1690800444590715711_n,293
120844941_181304973481314_7324032047146438553_n,368
120747431_376944973348902_6345868560197807667_n,215
120825961_339464787290674_2818898638068365050_n,110
120735364_3367634759998506_7483476927999684571_n,363
120578503_326886861940735_5954143157830074376_n,169
120749214_204787757670732_5228198047314197025_n,131
120601811_410809119906777_4182431141070651494_n,444
120799343_1032222253915321_4911468323944733451_n,1690
120734976_2802131003390271_754425799597762101_n,228
107905428_141059120948978_2665971895668977450_n,184
106636364_314043346294762_3436438472731809824_n,320
119230435_900157777177754_3019985674953812502_n,145
80777595_552629915319847_4228401010965956809_n,324
120536888_635289993837009_1730431286277737353_n,7929
120835210_1050197258745240_5442937995923496054_n,4436
120487545_1703721563119415_7124524569067116370_n,10103
120581293_333341167954556_9102924481378926867_n,7001
120375609_339078977375087_9079971191168512632_n,3938
67841762_2333379336880034_9058531110137566523_n,6933
71521598_495717454345197_998768108445629854_n,11213
118875371_2736060859982599_6691362511713644794_n,14105
89358817_492049111415311_5269578168843221456_n,20265
120338300_666634420938472_7236865227876936641_n,604
120672354_2441419366155082_6335577324171597125_n,122
120555018_172168481125476_5613785436185750731_n,110
120581827_3288776081160072_5537418710447455214_n,115
120455390_954982311659316_6206042621299792319_n,1235
120601991_1103591440044001_146370412366470200_n,120
120540746_402780734448596_2192537831085628073_n,225
120734589_337712290843761_4967256502311034474_n,670
120299445_130056228492144_5177741180112592436_n,3322
120520682_344821550122169_5616902463156243591_n,136
119879785_689506794994485_8357385890379311760_n,8836
120453731_210439047085012_5971741981225676948_n,219
120515937_183403896750478_735494248627616123_n,159
120201381_996642940850287_1891678390643949421_n,398
120597492_250385426400500_4540723209971348510_n,1653
120749644_277788709887994_4221235808758702740_n,147
120998847_157779009050424_4383036537030183380_n,2
120765359_3133116560132738_8843907347792376560_n,11
120854032_788941578554368_6566349626543240403_n,17
94016058_161459571895085_1109230689386350184_n,106
94259856_242757846837791_5261307419176738854_n,153
67159888_947616958906161_3967115882788053433_n,3070
87220913_143016517172441_6311740852773505128_n,107
79805609_1082430465456282_765996341185620339_n,334
84508366_542732833017808_6043357206385554247_n,148
46644003_147869012868950_6693556501175595409_n,355
81269611_687891112040427_7722020951411746076_n,278
38027202_470916413318720_5394977548004229120_n,114
120893578_665906994345805_7626365041894099337_n,43
120905141_182120456774215_8555475738204351835_n,1588
120806136_780336256144164_4929565758137216165_n,158602
120908808_396408901754768_5618122664962764191_n,724
120654773_109708717483710_5464975337639153076_n,596
120729885_676331459678729_8167388729637776036_n,36491
120602551_169024601474698_7165683223031019508_n,25011
120649469_2939158279697775_1451463338845940820_n,442
120605826_163773555364609_7286149438753207739_n,19687
120662785_664843577497842_6235461124177450068_n,183
120745765_2848341082116150_2407220408152602991_n,1625
120655350_339536034163450_3055890729825087516_n,0
120601666_214804136876924_1461422739292037769_n,0
120808920_248286290054674_3296831483871458479_n,4
120844138_383131263074498_1466258404183394233_n,1662
120601422_216186666589420_628195000013180937_n,3416
120482195_1187991524952601_6065258105511757580_n,4505
120482810_978220812688029_819375185289944430_n,10569
120744470_193995552164218_6049517343665218842_n,4649
120199902_110241160740401_9001333355723612856_n,3736
120549885_358202241968783_6767580705702830647_n,2849
120929229_1083963835352573_7658061552706323871_n,35
120781597_170515628041771_7880909369227954169_n,81
120613935_169972821415746_5934804243174305415_n,49
120634782_641458526557765_1266290031712811727_n,11786
120725981_351972076003564_3769390598021108740_n,248
120555018_197046298489925_4612962668133210408_n,1142
120737943_972080383204404_5233616460751111835_n,132
120835209_388275105527136_24998315142710313_n,452
120636122_1007046186428730_4297633464529638434_n,754
120766322_3824973694197127_2877933993188694026_n,181
120657432_1247937598917882_7828805871060114142_n,434
120576986_3044673592426037_6667883488045102247_n,10627
120537906_206700991000975_13639304630006654_n,203
120595723_2785444328369120_815644640550291401_n,194
120602263_386374519061883_5849139863337610462_n,296
118992698_176688630650977_1717003027612269332_n,462
120600103_747166709167095_2467554328535857321_n,478
120798515_102084214975063_343400293897416864_n,5857
120808414_1520171124851519_6395739502410662891_n,228
120900824_658044858248839_8403645492901639938_n,11905
120605530_930301084044638_273880298953504154_n,2696
120658166_785702205521804_7218713850855848806_n,6584
120999193_1776725542477800_6875223062837697990_n,3220
120972375_195616708616114_6472378093934516925_n,2118
120843967_859849741215767_4856427876070055084_n,145
120477040_185049139779980_2579813155241899357_n,460
120840066_812532872914980_6548446625610223228_n,459
113892312_1664998053641261_640168219877192170_n,261
118226170_307447546998291_8002378657562177796_n,2588
120633790_3165490083580411_2717463917891544025_n,1034
120094057_724023208328912_2010915440532427634_n,226
120604987_392378328592060_2753890043710388833_n,1063
120744737_2839288676291017_5433273486716141540_n,393
120747725_846668702805568_7891514522160186883_n,36
120652621_710218006520213_6586851648922129595_n,235
120840071_200021638173159_4568807775396283341_n,253
120889694_327662161864988_2731245578776686225_n,112
120793784_357893462079654_2986804313660461686_n,102
120594294_175421024116469_1478377516340341497_n,2694
120950617_1870064393156653_3618368235792259636_n,122
120824603_645294339693867_4479694872372654940_n,200
120761619_3502911249760926_7539943779242018561_n,264
120815886_623318965026528_3434862859638529028_n,150
120453009_112218957206224_6705761500821966125_n,5760
120834044_951785911974288_3549025124185135363_n,116
120821035_696419461222406_667539251009810992_n,120
120926358_190456209191272_4805898177876694425_n,124
120739031_3575516586095578_4775049755662840322_n,133
120664819_702323723701747_8879797510605057642_n,123
120825954_3472387072829590_663505548465921677_n,177
120663152_2855499968014040_7454776782990169293_n,294
120748239_389521198718288_8279086818164419408_n,123
120884840_174748300928866_5477764530416742344_n,124
120763961_3668780066499678_7861789613679836174_n,0
120821024_111584260716091_6810821343907626660_n,0
120453083_2322321821247909_3842169635274427000_n,5100
120578838_211535207069291_3754972784160571243_n,181
120551999_611760646169405_4505546596270438449_n,584
120516151_127741905739257_4729794885019919934_n,186
120537245_334095297862756_1440937922105275819_n,110
120732510_346988569978520_6811803747283341695_n,195
120215637_332923027802339_8908717093950622784_n,1732
120645720_1030362390798471_4699549662807278592_n,131
120844286_983645592155623_5112174055138552994_n,5
120747722_2727328324252595_7620273311843192257_n,6
120853812_363626638325216_3611698751372318702_n,4
120844152_2728399487417199_9067272810282491610_n,163
120748239_687473475195319_6154764373890498370_n,149
120839425_3357445081048733_8066872560409598830_n,229
120807908_759863201245506_3209213823341471019_n,888
120759987_341008793984239_8745017083593042603_n,355
120605371_377567516984256_6801521938921595824_n,723
120601612_371744847526373_9040261742394154226_n,352
120592669_1490313097823281_4964476650103916364_n,124
120578030_392313308439600_9006287512238360285_n,1453
120748133_340330017182131_7587116681356452868_n,3
120793681_374902573691487_4273380805411364552_n,9
120724144_782642342571507_9197303167898649858_n,18
120617472_177979903945677_5195819714795060542_n,60
120420027_2642581672674046_4016150498713332273_n,113
120598055_335689377657610_5242452564414037380_n,45
120889912_118761256651935_8735852895340522649_n,9055
120262683_1152833915119151_3253945818855589085_n,11885
120907304_120709563121889_4452711377554962969_n,13526
120602961_1278681822476174_3283462068250516832_n,3225
120535466_3819389188088770_6552730336412002080_n,4627
120877920_196635991861215_5423150374091113335_n,283
120672353_1017330012045882_8861697103742452808_n,162
120748443_1002620413586920_5950873813670166910_n,108
120673385_338645550543091_6127128668317866421_n,158
120752139_644188799817376_5022545249027985372_n,292
120832008_431290594513744_9136631526775117838_n,140
120734978_194850888744475_1539381870374768367_n,133
120541557_123007752655379_5692245523971042380_n,284
120554243_180063220276208_6291611893899670709_n,326
120443963_1528125914027149_5338106229474629108_n,756
120603827_338647130886989_1764586939855936122_n,1327
120613648_333828381208810_7216977423184049875_n,167
120779923_345575356551670_1499379357948588856_n,1096
120748239_2665479893719132_4331521946168452758_n,315
120723122_192015469042184_8531485764017303382_n,147
120808653_793543254744093_5019885254979247333_n,316
120842655_188555706067719_366879648055036053_n,1664
120749097_617029798965732_3620537224406653753_n,122
120791625_140129584501435_2990940823575731462_n,249
120747429_2642654979320210_1592620992279645185_n,162
120747574_675780293050394_6744423548243144283_n,341
120806963_745315996052184_2535291462535101964_n,1205
120790335_208466620707350_3530108579643794135_n,787
120648277_261244878481942_4096411760122722147_n,256
120660917_1232461303798906_8103916106891972534_n,219
120748131_774499949785799_7784648648446484974_n,977
120801432_347301976581456_2146979566532009990_n,273
120824943_133350718475084_4382700803097842460_n,581
120823248_619332445414254_9173297596244080842_n,214
120636249_757480341497613_6431748187282061876_n,108
120894982_1267537756936004_112619455423589037_n,171
120805336_1410231615849637_2371561765167551865_n,159
120673996_687242035249996_2889788851733718588_n,114
120764881_332172277884630_7782554245292743210_n,384
120838834_1214272105609186_1619610712370304566_n,165
120743187_1061561980966413_9162038157974317660_n,120
120823875_181994850039185_2445826521326875601_n,0
119820029_778784049623537_4817691221945280309_n,563
120897659_842524033220011_1303202300791078283_n,224
120538676_177026377336859_7157017338977064069_n,831
119795191_656975525240390_6232074778285627158_n,1107
120247262_332155741447099_3077546093968950702_n,2887
119748913_627587201291592_3295932278524064563_n,10223
97107492_1350698705319211_7079273924280238492_n,940
119792044_3652218394812380_2118994564635900963_n,476
119936385_796556617747868_8081756942315288798_n,617
118849801_311049643484275_7507226570030387791_n,1225
101485276_560201171315836_4832965108774098980_n,487
95925380_106133774345679_6739233284897783941_n,791
120577240_1020129411767600_7303742927335138480_n,3006
120614769_336184407710929_6851904313572334775_n,166
120845425_1157357071324724_2547602367791824714_n,401
120750115_2720613891511787_7163676554456153577_n,163
120823870_1743685682448104_7232933947068661447_n,186
120657798_262608521665494_7535197069507469910_n,292
120601507_642307856658901_4101492044331044571_n,140
120673385_2706015139673331_7418632884374219713_n,302
120845219_2756178477930429_7749688753895661008_n,239
120622557_337612630681099_1901908603877946590_n,294
120601357_1030171847498624_3826523953554877037_n,290
120771645_185818533192381_1340020102756373864_n,0
120729118_125004882686486_8847598863355969716_n,0
120674375_142083904265674_323180148603953027_n,4
120796782_195657925296611_5903543671626982129_n,1501
120601355_708584136403530_3662608202993306926_n,329
120622540_142427624230848_6204817461211293202_n,495
120605100_710190773173406_6065359021976875409_n,355
120664003_148406503611673_6228310240690693235_n,202
120603278_194746565448082_203226822768814947_n,188
120737719_659021868376767_8022441138814769438_n,304
120844073_612516409445876_2729875730911830255_n,356
103629752_587680281854764_5363784720697385912_n,410
120390254_989462874891592_6711614765731219778_n,419
119773157_171039134584144_796050324503123322_n,151
103968549_467914120719464_5905031952870852115_n,1426
120201704_110305024069551_461222651641180306_n,913
108189510_1586075631582399_6639739306248667016_n,175
118594895_1183376655356494_8162409773872079407_n,722
120659664_3623358907695673_7086793099108939713_n,12
120877920_388819192278538_2604968836541417_n,100
120742895_1763850307108141_6346601762601433331_n,109
120844365_348160089834232_3899908728265313022_n,478
120749213_3458110944225689_3906610971255168385_n,3435
120602552_779063319541733_6665639896464385226_n,6506
120602194_338609954258255_5521346540650175527_n,3703
120650135_187157599753921_1255668626204935784_n,4489
120735948_1748626118623590_4322141380206632608_n,10461
120844062_985088305300369_4864701024225248407_n,138
120741133_987600138403596_8196885149714845289_n,362
120851656_1743563919131430_3013392888766710872_n,105
120654996_1107062609708785_1410234275164021334_n,118
120844078_1039255699857547_8789922103727861080_n,180
120818292_666240390934667_2055774368030270572_n,160
120276584_256543575631862_6407770277172907125_n,902
120355409_343055410271231_5468137707250586771_n,453
120204134_373171920738751_5034150778089361109_n,1462
120507714_1121736455011361_8118965230433378217_n,366
120203609_340064483924745_4747078728471480131_n,149
120281016_1204330853278074_9165177112032313107_n,141
120603225_2486787894958158_8078770580458828265_n,311
120911816_807271726741984_3567498963603449253_n,7
120746407_1138657599869603_2006834709584978996_n,3
120633416_267904871053330_3066853672618712234_n,146
120743190_103013814879413_546179602697310641_n,122
120555342_871489573385293_1044032988143520183_n,290
120801234_411504469835360_7160453074047792948_n,2362
120860772_181732876755326_4771503001505764545_n,279
120796695_3385886258160252_81122797505989536_n,813
120835886_717989658803110_4089335871112768935_n,2457
120843465_330898464674139_1426990237812537289_n,105
120741134_730160690907824_2875966737409732635_n,313
120656719_346859930075082_4804088125720864719_n,196
120578697_365910104457300_5112282755079179823_n,361
120622845_3720897774611340_2411144540916137986_n,113
120279391_166792758370631_308558555260713224_n,1308
120664438_337216604018386_3201778758058083515_n,4773
120860772_336872310869518_905556798683173897_n,1808
120734174_2399054190403589_379344285002089990_n,5875
120601851_2790381794541800_4404563428004006157_n,3166
120580463_334071741001053_1737431056558403382_n,7139
120370513_674984126459290_7073933226446043737_n,7115
120836363_366487367876575_7820763669154653460_n,4088
120746877_345129316695031_5691039924117565494_n,1209
120748980_3326177374274155_2550981918763629256_n,6947
120602268_972432149892926_5204831307900546082_n,2004
120830637_1180346112468534_1463331448409167871_n,4
97129591_3991778414195724_3551612737233246520_n,587
71050570_145896596686169_2544616917047477192_n,207
120337780_638935367016034_1766904110574947997_n,888
120987070_1668637256644948_9002206725107356800_n,219
120816042_182440636742521_1209115564992564621_n,187
120581599_742732886309783_4690247531015809222_n,208
120620516_376832656676975_620389984830028003_n,151
120863216_823623048382358_4251073205479494483_n,105
120823875_114480467087686_2867412472898410695_n,132
120842662_704168520170352_8264252988161713189_n,127
120790981_169299788146356_5911669313236381324_n,121
120824504_352540246097605_514093733352598146_n,142
120751750_2751989175077709_1038276452347685528_n,0
120749741_396410918017583_7712944451008229714_n,8
93266275_597214277577474_905959590248674964_n,404
92517141_215152616577377_9095400599869313449_n,180
120453937_131701168646017_1040456200581813168_n,17
117819586_382094909424380_1665799672841695642_n,50
100985329_3111185032253106_4000214392055277433_n,15
120660913_1301994603482525_2923134801680380996_n,133
120555645_687710451839459_6338416088722171797_n,173
120844196_2614441338868739_7791674131857154305_n,156
120654010_837374767071651_7567542645442627915_n,3343
120658534_148128266845530_6011611561726848814_n,139
120293795_734003413819618_8848635874629307143_n,1248
120110382_2623043974676612_1766269829415892320_n,143
120671740_343297306773429_5998208640576411575_n,341
120566171_768846183900026_9205308010375058494_n,199
120672353_3628768830500963_3375463063359909533_n,158
120639570_350685996281419_784004528480350928_n,1588
120985160_5160373090655597_8562325273740398410_n,124
120542285_352552852470818_7694022814702936004_n,163
120656286_775968793180732_4462469965388538986_n,114
120747721_341282747148358_3189982344347791941_n,180
120642009_341792953808722_9069537807381054730_n,289
120090275_1605919986244446_1380133744812667657_n,184
120662785_673196730294945_3861199251201746109_n,115
120835885_2551474155098049_8013415005500360643_n,134
120812350_341990243778930_6657987753606232115_n,213
120747879_1641975675981766_9217698268111311319_n,4509
120740605_205126420972169_6862888253696291784_n,137
120956439_3428288683885561_737225328256308571_n,102
120961875_784305525720936_3491221674989532828_n,108
120931628_2647906408805196_2074680349694667569_n,4598
120620772_693293791293303_6729287945164670296_n,2077
120842896_643373416336141_8630884819199718665_n,437
120797401_2845808332372527_8189598491438169330_n,4736
120660330_370798844076213_5591590902071222312_n,152
120542566_3381808961886538_3527268321244814999_n,8911
120562801_360001245202683_6244809322889980606_n,5092
120603227_1202395156809035_4697035912725147494_n,3377
120543716_975818302886175_391160702724265662_n,13630
120937129_618738742133762_8452558073373077367_n,17021
120657176_2969681643259484_1729364787644289002_n,4740
120657798_654574135460937_8122599047442330981_n,1814
120637900_334667114411542_5766910007076481881_n,1474
120393419_879474925919006_2544112280918111827_n,2425
120672354_354234022592333_5801372121304338300_n,179
120656940_180988380182453_3636583377722240292_n,381
120745261_790489425067461_4362763795954209620_n,170
120844239_185781573021327_1794600437233847819_n,104
120648941_769020303890409_5442142514985805777_n,285
120662365_180633153572187_6652734464286183588_n,129
120735764_192640275606009_5070177809931813274_n,450
120566512_275636670145736_3651782798397813283_n,150
119456379_329404641645378_8447703708961304311_n,157
120549161_2427495344226818_4200681568379584990_n,4253
120580247_798573207568896_7427151405825423053_n,438
120796782_612676176069507_2360071554660680754_n,1030
120549561_131533671647134_2320174865643841057_n,1634
120821031_368964810962940_5287339890708455062_n,669
120265559_765338340678766_8823540298318879030_n,194
120334798_2784871895092408_2647645153629225685_n,118
120580936_2648637968720577_1055044377072897689_n,308
119993351_206410830832822_86208376862639197_n,212
119000464_640574053312982_6165183105737622440_n,414
120662366_464253537800657_3199973571004507017_n,269
120413573_347102943164433_5048375277013825935_n,212
119883847_379211290139778_649118793873711239_n,156
119976678_645373319744541_6678842552033331970_n,106
120603686_775561699678074_7746631916544355500_n,2
120735949_990752758106195_6593716979904435588_n,4
120773236_1518844558302155_4917699274509605676_n,4
120541453_361709065017589_6701140952845924290_n,5727
120566841_676523019645535_3664033880180306132_n,3656
120739289_800534044055374_7676591217978388170_n,2746
120653086_2490395857929391_9179706368971899421_n,1987
120578924_1012332022525935_6454305084415397889_n,943
120824170_660573447917063_7016438390745894032_n,125
119674378_671149850494939_4275702449932205441_n,1388
120734173_360857928439459_4791381312174202136_n,227
120241764_771617023619010_1732500654902986834_n,1143
71755053_156397042246987_3054202503700773413_n,11794
119999719_134506418379188_8774468959204506810_n,5392
115578694_614776492792149_2936360228418478802_n,246
118520106_674450223417437_4615121957051123721_n,8715
116574319_2788079728104618_8076946530675225584_n,2635
106324486_1011103412654218_6833368617576595715_n,105
120762053_3057227807858151_7195281157474007203_n,82
120975261_346816810070161_2391588926878386628_n,827
120948294_690859508303440_3156170699070156762_n,50
117395478_151058276638807_6174533589953033349_n,2541
119586412_1792995137507699_7700204522151990945_n,1614
118964402_642336706693399_3274795978170204542_n,1127
117679360_214068773468950_684973495337696570_n,286
118558881_2986015094840518_1607832326115290221_n,159
107927315_912575042551461_4176292283359159118_n,168
120346408_2709834409274007_7137412291493661802_n,187
105496306_121376199322689_7520054820591694641_n,320
120798160_872788576587612_5850619687002925190_n,6
120804162_274737463577363_2594922093633420876_n,7
120815964_331390461415371_1620424092889314197_n,6
120747268_201566744692417_6197200463573726136_n,4643
120815962_351921486057136_2732925131267031872_n,2274
120844555_797671187651382_7082617093194410614_n,25483
120809115_835113827300933_6756345157504586313_n,7971
120549558_125242582389150_4697054709954446975_n,9984
120601559_116778096853634_8702315044825236703_n,4631
120447295_1405160739677931_5288789621037715477_n,573
120355778_2443719445936892_5213439104204802269_n,3648
120737942_192946958901242_8933491519477545899_n,2
120929227_1706872946161482_5185377355291171784_n,6
120749212_185499736447346_7516299873336458078_n,9
120342654_204933544389615_4346768222891890120_n,697
120371846_364128474713993_7726814561463573712_n,464
118793600_669551983917614_6643627308059901836_n,1591
120451428_349099806532115_4238599710227324079_n,2111
120658536_1707269819428902_7938812398009691314_n,1712
120319415_333568491050449_1512393062386161229_n,1462
119791419_206798890790739_9120117997227136698_n,129
120843097_4307837399286679_5351381402848778817_n,2434
120772105_2798061380451096_6948768695843146459_n,120
120792068_343281286922824_3161590323295837944_n,112
120727068_264031161549736_4845195268341257524_n,618
120541187_180863766856763_5068027138478165138_n,6388
120593988_338167367607190_7158451805574729507_n,172
120933744_126717088882163_5037394429721718764_n,259
120459731_681680399127415_8639061295567341380_n,162
120303273_254486879209321_2945576788178716866_n,214
120791967_333004997975836_1195441144487260200_n,125
120201939_632250934159407_2700313631306566875_n,223
120750444_1062301250893040_2135916568984373108_n,499
119992479_369048310918025_1935816122369826693_n,6214
120649470_989837108091820_7593274378328023963_n,327
120808415_1209384256111111_2673578044961092699_n,202
120759829_1047931015643626_573527373372097580_n,243
120804190_1002178873539485_2066573950902884347_n,320
120747724_163367555454915_6082864965247356589_n,125
120657800_338134870826047_2486527648070580278_n,162
120747428_335276224408279_6101267844409754004_n,177
120889909_393320798345543_6194892593600142882_n,15266
120341803_397018931309777_6156496263559307163_n,21838
119993045_667616157523321_909960858960596161_n,454
120601074_803513230444111_3479038431778812101_n,139
120812968_3304192533041797_4715343753937891548_n,314
120603583_1051424928607323_7823806809008037171_n,125
120513658_125991095640551_6815053111924848511_n,384
120583353_805325080283021_4760554188622107962_n,123
120929232_396158841776296_2825671499246842825_n,720
120664817_429617844668982_5612603464004398468_n,126
120636766_2744919385793498_4993850596850443647_n,179
120772911_140274397785815_2537242946965715195_n,118
120737945_676469773000203_8399195493339099291_n,135
120891694_823916211678737_6183299616438152328_n,259
120658535_136605854825836_6695472926432931591_n,507
120948379_351910632675271_901626321441187244_n,501
120794115_333092771126238_4278673848192124845_n,125
118352782_396805551289755_6423797635020333062_n,91
100972966_715026462648894_35960063675355778_n,317
104459030_256247429011837_833770771715267026_n,250
103590151_3061353410618296_2300123237572727460_n,130
76883691_119504005915703_7594867021274619422_n,9516
118765506_167883104880698_1152061382575379248_n,9281
96605863_698626827607198_9139943500210641232_n,233
106915051_120566629435348_4959915161728394838_n,9958
79722509_461444017872281_3425482266678607725_n,9096
120746183_1223932771317512_8091181984648612930_n,171
120747428_643833052985238_436145980892425131_n,124
120143466_675652866471232_8347342780643932296_n,228
120198937_390950615633250_3647587556468122895_n,234
120235398_632307114152209_4989235130366938555_n,205
120201751_385328945812336_1310999725585808457_n,245
120095251_791760654919144_3956862787168835659_n,209
117736520_774035223345977_8577243131704354328_n,170
120318954_325359968723886_5085000291609798412_n,395
120985276_137329928092512_2959032353027973827_n,135
120816042_269541054191728_6103269659465061920_n,3679
120809632_624979815048882_6837969243962691281_n,318
120743190_363332904861074_6308674462667826192_n,4192
120663556_357634792315250_4361677334170885083_n,401
120201666_328024978285342_1875846958108873717_n,494
120601560_340782700708590_1443724677398013414_n,132
120746409_353361449352919_5485774006735913872_n,302
120905693_3781604728517010_4622128490523974271_n,441
120321699_660841364562133_869195566440680959_n,666
120879272_3388310591248362_9050232295130117664_n,174
120653739_2706948392888893_89956385224616021_n,4368
120793786_1736815646492353_2733470236098107607_n,208
120621329_169587764756952_7103944540693591772_n,9612
120656716_207070770840014_1797559418701145088_n,243
120540667_196164368583098_3474890754011526615_n,557
120887713_340230287037918_5639579569752573330_n,334
120800392_353487275798936_1622106332404889555_n,160
120548241_211688676965886_7311041126605589300_n,509
120532614_637947233578832_9034952928310790513_n,110
120371872_690354888502841_3255935270615997193_n,159
120760474_732947894233825_636901608362537029_n,415
120737260_252069416224823_2939429443066128032_n,0
120823874_943439092852551_6412588500254448754_n,2288
120975482_205703287572747_7469313055900757614_n,5504
120616600_124851905769225_3415290213644278995_n,296
120821031_901197750287764_972289672675347479_n,2589
120748336_1239222579775067_5187899187657202082_n,128
120844170_173784194299262_5914303852907463243_n,107
120644787_2727098784220184_6092286199565638256_n,6251
120749740_178159760590541_6197061406542895776_n,10009
120598054_183829163257619_486907883331187663_n,1256
120739530_1091029704669637_6176181639489008770_n,1094
120614619_434147797561237_5118153015363874795_n,8329
120540770_3325819874192758_906167161743160300_n,1205
120794999_158244402629003_1761718111697509238_n,677
120908815_405302887307498_3168487725866687703_n,275
120794113_200720904745360_9007147983279579856_n,7733
120599935_192542782382586_6021776155317288568_n,5824
120262684_1768438583313741_318374893904035939_n,14409
120832014_192260252417145_6201161661674423890_n,2326
120652073_333563681265194_2829081099873281250_n,1209
120580462_340068947087661_6443716646046482822_n,207
120736994_111008817337354_8896123779562108776_n,237
120601279_748610642662154_4078982591225608856_n,4996
118691487_1010085959473217_5609283333568518058_n,169
120604798_833854194054766_6158061487227623200_n,132
118648509_622356552041839_3056777582250910615_n,283
120729885_177094647245438_3570034769876442080_n,129
120748026_178090770582977_3375793430384402511_n,568
120745260_330266131574417_6875220591247423541_n,154
120896174_956532928091248_6377460941653540117_n,118
120998398_337396530659860_7485882350869767239_n,1248
120739289_3453067391395083_3792046570568212718_n,110
120600411_2671338563079274_3667348361734435753_n,365
120666883_2700955773516079_9181268110398794703_n,386
120602268_3449555958415433_1944771534744533217_n,165
